System,Accuracy,Recall@1,Recall@3,Recall@5,MRR
TF-IDF (Rule-based),0.8888888888888888,0.8888888888888888,0.8888888888888888,0.8888888888888888,0.8888888888888888
VerbatimRAG (ML-based),0.7777777777777778,0.7777777777777778,0.7777777777777778,0.8888888888888888,0.8055555555555556
