Metric,TF-IDF (Rule-based),VerbatimRAG (ML-based)
TP,8.0,7.0
FP,1.0,2.0
FN,0.0,0.0
TN,0.0,0.0
Precision,0.8888888888888888,0.7777777777777778
Recall,1.0,1.0
F1 Score,0.9411764705882353,0.8750000000000001
