Baseline,Accuracy,Precision,Recall,F1,Recall@1,Recall@3,Recall@5,MRR,nDCG@3,nDCG@5,Avg_Latency_ms
TF-IDF (Document),0.8888888888888888,1.0,1.0,1.0,0.8888888888888888,0.8888888888888888,0.8888888888888888,0.8888888888888888,0.8888888888888888,0.8888888888888888,6.055140495300293
TF-IDF (Chunk),0.7777777777777778,1.0,1.0,1.0,0.7777777777777778,0.8888888888888888,0.8888888888888888,0.8148148148148148,0.8333333333333334,0.8333333333333334,14.823901653289795
