Baseline,Accuracy,Precision,Recall,F1,Recall@1,Recall@3,Recall@5,MRR,nDCG@3,nDCG@5,BLEU,ROUGE-1,ROUGE-2,ROUGE-L,Faithfulness,Answer_Relevancy,Context_Precision
Keyword,0.3333333333333333,1.0,0.3333333333333333,0.5,0.3333333333333333,0.5555555555555556,0.6666666666666666,0.44814814814814813,0.45899219484127307,0.5019758400895555,0.10422635707130257,0.10942952760012162,0.00895613104894552,0.07760477706187638,1.0,0.5396266233766234,0.44814814814814813
BM25,0.5555555555555556,1.0,0.5555555555555556,0.7142857142857143,0.5555555555555556,0.6666666666666666,0.6666666666666666,0.5925925925925926,0.6111111111111112,0.6111111111111112,0.11859153667675576,0.12215807772455427,0.018697842917478575,0.08585816760401005,1.0,0.608059163059163,0.5925925925925926
TF-IDF (Document),0.8888888888888888,1.0,0.8888888888888888,0.9411764705882353,0.8888888888888888,0.8888888888888888,0.8888888888888888,0.8888888888888888,0.8888888888888888,0.8888888888888888,0.11878977182294885,0.12105180713522921,0.016013998232048125,0.0863806377112995,1.0,0.5681006493506493,0.8888888888888888
TF-IDF (Chunk),0.7777777777777778,1.0,0.7777777777777778,0.875,0.7777777777777778,0.8888888888888888,0.8888888888888888,0.8148148148148148,0.8333333333333334,0.8333333333333334,0.16064439506505335,0.1647723179317918,0.05580648106796288,0.12581337824816144,1.0,0.5244678932178932,0.8148148148148148
